{"train_ttl_loss": [4309.845116436253], "train_const_loss": [4309.673371647509], "train_diff_loss": [0.06274191083268787], "train_x0_loss": [0.1090091022420175]}